id,case_id,title,date_filed,officer,narrative_text
RPT001,NX-0241,Preliminary FIR - Meridian Logistics Fraud,2024-02-15,Insp. R. Kulkarni,"Complaint registered against Arjun Mehta and associate Ravi Sharma for suspected invoice fraud at Meridian Logistics. Investigation also flags Rahul Kapoor as a known driver for the operation."
RPT002,NX-0198,Money Laundering Complaint,2024-05-20,Insp. S. Bhat,"Financial irregularities traced to Neha Rao and her associate Rohit Malhotra, both linked to fund movement inconsistent with declared income."
RPT003,NX-0172,Extortion Case Report,2023-12-05,Insp. A. Fernandes,"Victim statement names Suresh Iyer and Manoj Pillai as individuals demanding protection payments from local shop owners in Marathahalli."
RPT004,NX-0311,Drug Trafficking Surveillance Report,2023-08-10,Insp. P. Devaraj,"Surveillance confirms Karan Verma and Vikram Das operate a shared trafficking route through Jayanagar. Divya Menon was observed in contact with Karan Verma during the surveillance period."
RPT005,NX-0455,Cyber Fraud Complaint,2024-01-25,Insp. N. Iyer,"Multiple victims report phishing transactions traced to Divya Menon, working with Anjali Bhatt and Kavita Menon under the Silverline Traders front."
RPT006,NX-0509,Human Trafficking Investigation Report,2023-10-15,Insp. R. Kulkarni,"Blue Horizon Pvt Ltd flagged for suspected trafficking operations. Farhan Ali identified as primary contact; Meera Krishnan manages transport logistics for the network."
RPT007,NX-0620,Weapons Trafficking Lead,2024-07-25,Insp. A. Fernandes,"Informant reports Aditya Rao attempting to establish a transport route, reportedly in contact with Vikram Das of the NX-0311 trafficking network."
RPT008,NX-0655,Illegal Betting Ring FIR,2024-05-05,Insp. S. Bhat,"FIR registered against Sanjay Kulkarni for operating an illegal betting network. Meenal Desai suspected of managing payouts; Imran Sheikh identified as a recruiter."
RPT009,NX-0655,Intelligence Note - Cross-Case Fund Flow,2026-08-22,Insp. N. Iyer,"Financial intelligence unit flags a fund transfer from Rohit Malhotra (case NX-0198) to Sanjay Kulkarni (case NX-0655), raising the possibility that laundered funds from the Meridian Logistics network are financing the betting operation."
